{
  "setting": {
    "compileHotReLoad": true,
    "urlCheck": false
  },
  "condition": {
    "miniprogram": {
      "list": [
        {
          "name": "报告厅借用申请记录",
          "pathName": "pages/teacher/borrowList/borrowList",
          "query": "",
          "scene": null
        },
        {
          "name": "报告厅借用申请表单",
          "pathName": "pages/teacher/appointmentHallForm/appointmentHallForm",
          "query": "",
          "scene": null
        },
        {
          "name": "报告厅查看申请单",
          "pathName": "pages/teacher/boform/boform",
          "query": "user=\"普通用户\"",
          "scene": null
        },
        {
          "name": "报告厅登陆界面",
          "pathName": "pages/teacher/borrowHallLogin/borrowHallLogin",
          "query": "",
          "scene": null
        },
        {
          "name": "pages/select/enter/details/courseList",
          "pathName": "pages/select/enter/details/courseList",
          "query": "id={\"Lot\":0,\"Courseid\":\"BG0005161X0\",\"Scted\":0,\"MaxStu\":0,\"Spno\":\"1609\",\"Grade\":\"2020\",\"Id\":\"26663\",\"Term\":\"20202\",\"Tname\":\"公共必修\",\"Cname\":\"大学物理\",\"Xf\":\"3.5\",\"SctCnt\":0}&type=正常",
          "scene": null
        },
        {
          "name": "首页",
          "pathName": "pages/index/index",
          "query": "",
          "scene": null
        },
        {
          "name": "pages/quit/quit",
          "pathName": "pages/quit/quit",
          "query": "",
          "scene": null
        },
        {
          "name": "pages/CourseTable/CourseTable",
          "pathName": "pages/CourseTable/CourseTable",
          "query": "id=20202",
          "scene": null
        },
        {
          "name": "评教",
          "pathName": "pages/xspj/xspj/enter/enter",
          "query": "",
          "scene": null
        }
      ]
    }
  },
  "description": "项目私有配置文件。此文件中的内容将覆盖 project.config.json 中的相同字段。项目的改动优先同步到此文件中。详见文档：https://developers.weixin.qq.com/miniprogram/dev/devtools/projectconfig.html",
  "projectname": "gbh-wechat"
}