{
  "description": "项目配置文件，详见文档：https://developers.weixin.qq.com/miniprogram/dev/devtools/projectconfig.html",
  "packOptions": {
    "ignore": [],
    "include": []
  },
  "setting": {
    "urlCheck": false,
    "es6": true,
    "enhance": true,
    "postcss": true,
    "preloadBackgroundData": false,
    "minified": true,
    "newFeature": true,
    "coverView": true,
    "nodeModules": false,
    "autoAudits": false,
    "showShadowRootInWxmlPanel": true,
    "scopeDataCheck": false,
    "uglifyFileName": false,
    "checkInvalidKey": true,
    "checkSiteMap": false,
    "uploadWithSourceMap": true,
    "compileHotReLoad": false,
    "useMultiFrameRuntime": true,
    "useApiHook": true,
    "useApiHostProcess": true,
    "babelSetting": {
      "ignore": [],
      "disablePlugins": [],
      "outputPath": ""
    },
    "enableEngineNative": false,
    "bundle": false,
    "useIsolateContext": true,
    "useCompilerModule": true,
    "userConfirmedUseCompilerModuleSwitch": false,
    "userConfirmedBundleSwitch": false,
    "packNpmManually": false,
    "packNpmRelationList": [],
    "minifyWXSS": true,
    "lazyloadPlaceholderEnable": false,
    "useStaticServer": true,
    "showES6CompileOption": false,
    "disableUseStrict": false,
    "useCompilerPlugins": false,
    "minifyWXML": true
  },
  "compileType": "miniprogram",
  "libVersion": "2.13.2",
  "appid": "wx52b429f59c79f16f",
  "projectname": "gbh-wechat",
  "simulatorType": "wechat",
  "simulatorPluginLibVersion": {},
  "editorSetting": {
    "tabIndent": "insertSpaces",
    "tabSize": 2
  },
  "condition": {
    "search": {
      "list": []
    },
    "conversation": {
      "list": []
    },
    "plugin": {
      "list": []
    },
    "game": {
      "currentL": -1,
      "list": []
    },
    "gamePlugin": {
      "list": []
    },
    "miniprogram": {
      "list": [
        {
          "id": 0,
          "name": "报告厅借用申请记录",
          "pathName": "pages/teacher/borrowList/borrowList",
          "query": "",
          "scene": null
        },
        {
          "id": 1,
          "name": "报告厅借用申请表单",
          "pathName": "pages/teacher/appointmentHallForm/appointmentHallForm",
          "query": "",
          "scene": null
        },
        {
          "id": 2,
          "name": "报告厅查看申请单",
          "pathName": "pages/teacher/boform/boform",
          "query": "user=\"普通用户\"",
          "scene": null
        },
        {
          "id": 3,
          "name": "报告厅登陆界面",
          "pathName": "pages/teacher/borrowHallLogin/borrowHallLogin",
          "query": "",
          "scene": null
        }
      ]
    }
  }
}