{
  "usingComponents": {
    "van-button": "../../../dist/vant/button/index",
    "van-popup": "../../../dist/vant/popup/index",
    "van-dropdown-menu": "../../../dist/vant/dropdown-menu/index",
    "van-dropdown-item": "../../../dist/vant/dropdown-item/index",
    "i-page": "../../../dist/iview/page/index",
    "i-icon": "../../../dist/iview/icon/index",
    "van-toast": "../../../dist/vant/toast/index"

  },
  "backgroundTextStyle": "light",
  "navigationBarBackgroundColor": "#6098c1",
  "navigationBarTitleText": "申请记录",
  "navigationBarTextStyle": "white",
  "enablePullDownRefresh": true
}