{
  "usingComponents": {
    "van-button": "../../../dist/vant/button/index",
    "van-field": "../../../dist/vant/field/index",
    "van-steps": "../../../dist/vant/steps/index",
    "van-popup": "../../../dist/vant/popup/index",
    "van-datetime-picker": "../../../dist/vant/datetime-picker/index",
    "van-dropdown-menu": "../../../dist/vant/dropdown-menu/index",
    "van-dropdown-item": "../../../dist/vant/dropdown-item/index",
    "van-icon": "../../../dist/vant/icon/index",
    "van-toast": "../../../dist/vant/toast/index"
  },
  "backgroundTextStyle": "light",
  "navigationBarBackgroundColor": "#6098c1",
  "navigationBarTitleText": "报告厅借用",
  "navigationBarTextStyle": "white"
}